SampleID	MetaboSampleID	Plate	Well	Num	BarcodeSequence	LinkerPrimerSequence	BarcodeName	PID	Group	Study	DNA_Conc	Amplified_Conc	Extraction_Date	Extraction_Location	Extraction_By
GT.063_N	18	2	B07	48	TTAACAAGGCAA	GTGYCAGCMGCCGCGGTAA	515rcbc222	63	Red	Green Tea	15.3	62.55	10/13/21	BSC	MK
GT.063_R	3	1	E01	49	TGATGTGCTAAG	GTGYCAGCMGCCGCGGTAA	515rcbc48	63	Red	Green Tea	39.9	51.15	10/13/21	BSC	MK
GT.066_B	17	2	A09	54	CCAGGACAGGAA	GTGYCAGCMGCCGCGGTAA	515rcbc200	66	Red	Green Tea	18.6	67.9	10/13/21	BSC	MK
GT.066_N	29	1	F12	55	AACTCAATAGCG	GTGYCAGCMGCCGCGGTAA	515rcbc167	66	Red	Green Tea	32.9	41.8	10/13/21	BSC	MK
GT.074_N	2	2	C12	52	GATATACCAGTG	GTGYCAGCMGCCGCGGTAA	515rcbc227	74	Red	Green Tea	9.8	38.75	10/13/21	BSC	MK
GT.074_R	5	2	A10	53	GCGCGGCGTTGC	GTGYCAGCMGCCGCGGTAA	515rcbc201	74	Red	Green Tea	18	55.15	10/13/21	BSC	MK
GT.086_B	6	2	A11	51	GTCGCTTGCACA	GTGYCAGCMGCCGCGGTAA	515rcbc202	86	Red	Green Tea	17.6	61.8	10/13/21	BSC	MK
GT.086_N	16	2	B02	50	AATACAGACCTG	GTGYCAGCMGCCGCGGTAA	515rcbc205	86	Red	Green Tea	16.6	82.15	10/13/21	BSC	MK
GT.089_B	24	2	D07	57	AAGTCACACACA	GTGYCAGCMGCCGCGGTAA	515rcbc234	89	Red	Green Tea	8	53.85	10/13/21	BSC	MK
GT.089_R	19	1	F10	56	CGAGGCGAGTCA	GTGYCAGCMGCCGCGGTAA	515rcbc165	89	Red	Green Tea	34.3	54.85	10/13/21	BSC	MK
GT.090_N	7	2	D06	73	TCCGATAATCGG	GTGYCAGCMGCCGCGGTAA	515rcbc233	90	Green	Green Tea	8.2	71.15	10/13/21	BSC	MK
GT.090_R	10	1	G01	74	GGTGAGCAAGCA	GTGYCAGCMGCCGCGGTAA	515rcbc72	90	Green	Green Tea	32.1	63.65	10/13/21	BSC	MK
GT.101_N	8	2	C04	61	ACGTATTCGAAG	GTGYCAGCMGCCGCGGTAA	515rcbc219	101	Orange	Green Tea	13	71.9	10/13/21	BSC	MK
GT.101_R	15	2	C08	62	AACCGCATAAGT	GTGYCAGCMGCCGCGGTAA	515rcbc223	101	Orange	Green Tea	11.9	50.2	10/13/21	BSC	MK
GT.113_N	20	1	D03	63	AATGTTCAACTT	GTGYCAGCMGCCGCGGTAA	515rcbc134	113	Orange	Green Tea	43.2	54.8	10/13/21	BSC	MK
GT.113_R	11	1	G12	65	ACCTCAGTCAAG	GTGYCAGCMGCCGCGGTAA	515rcbc179	113	Orange	Green Tea	26.9	52.05	10/13/21	BSC	MK
GT.116_N	13	2	B11	69	TCTTGCGGAGTC	GTGYCAGCMGCCGCGGTAA	515rcbc214	116	Green	Green Tea	13.9	63.7	10/13/21	BSC	MK
GT.116_R	27	2	B05	70	TTCAGTTCGTTA	GTGYCAGCMGCCGCGGTAA	515rcbc208	116	Green	Green Tea	16.3	86.9	10/13/21	BSC	MK
GT.120_N	28	2	C01	71	AAGGCGCTCCTT	GTGYCAGCMGCCGCGGTAA	515rcbc216	120	Green	Green Tea	13.5	104.88	10/13/21	BSC	MK
GT.120_R	22	2	D10	72	GTGTCGAGGGCA	GTGYCAGCMGCCGCGGTAA	515rcbc237	120	Green	Green Tea	7.4	46.2	10/13/21	BSC	MK
GT.GF1_CG	14	2	F10	66	AGTGCAGGAGCC	GTGYCAGCMGCCGCGGTAA	515rcbc261	Control	Green	Green Tea	2.8	58.85	10/13/21	BSC	MK
GT.GF2_CG	1	2	G05	67	CCGGCCGCGTGC	GTGYCAGCMGCCGCGGTAA	515rcbc268	Control	Green	Green Tea	0.3	80.85	10/13/21	BSC	MK
GT.GF3_CG	4	2	G03	68	ATGCCTCGTAAG	GTGYCAGCMGCCGCGGTAA	515rcbc266	Control	Green	Green Tea	0.8	73.55	10/13/21	BSC	MK
GT.GFB_C.R	25	2	F03	47	CACCCTTGCGAC	GTGYCAGCMGCCGCGGTAA	515rcbc254	Control	Red	Green Tea	6	76	10/13/21	BSC	MK
GT.GFL_CO	21	2	F06	60	TCGCTACAGATG	GTGYCAGCMGCCGCGGTAA	515rcbc257	Control	Orange	Green Tea	3	48.1	10/13/21	BSC	MK
GT.GFN_C.R	9	2	D12	46	AGAATCCACCAC	GTGYCAGCMGCCGCGGTAA	515rcbc239	Control	Red	Green Tea	7.2	30	10/13/21	BSC	MK
GT.GFN_CO	26	2	F12	58	ATAGGAATAACC	GTGYCAGCMGCCGCGGTAA	515rcbc263	Control	Orange	Green Tea	1.3	28.3	10/13/21	BSC	MK
GT.GFR_C.R	23	2	C05	45	GACGTTAAGAAT	GTGYCAGCMGCCGCGGTAA	515rcbc220	Control	Red	Green Tea	12.7	78.6	10/13/21	BSC	MK
GT.GFR_CO	12	2	C06	59	TGGTGGAGTTTC	GTGYCAGCMGCCGCGGTAA	515rcbc221	Control	Orange	Green Tea	12.3	54.7	10/13/21	BSC	MK